{
  "worlds": {
    "gw": {
      "type": "worlds.grid_world.GridWorld"
    }
  },
  "tasks":
  {
    "k0": {
      "type": "tasks.competition.repetition.BeSilentTask",
      "world": "gw"
    },
    "g15": {
        "type": "tasks.competition.repetition.RepeatCharacterTask",
        "world": "gw"
    },
    "k2": {
        "type": "tasks.competition.repetition.RepeatWhatISayTask",
        "world": "gw"
    },
    "k5": {
        "type": "tasks.competition.repetition.RepeatWhatISayMultipleTimesTask",
        "world": "gw"
    },
    "k6": {
        "type": "tasks.competition.repetition.RepeatWhatISayMultipleTimes2Task",
        "world": "gw"
    },
    "k7": {
        "type": "tasks.competition.repetition.RepeatWhatISayMultipleTimesSeparatedByCommaTask",
        "world": "gw"
    },
    "k8": {
        "type": "tasks.competition.repetition.RepeatWhatISayMultipleTimesSeparatedByAndTask",
        "world": "gw"
    },
    "k9": {
        "type": "tasks.competition.repetition.RepeatWhatISayMultipleTimesSeparatedByCATask",
        "world": "gw"
    },
    "a1": {
        "type": "tasks.competition.repetition.RepeatWhatISayDisjunction",
        "world": "gw"
    },
    "a2": {
        "type": "tasks.competition.repetition.RepeatWhatISayConjunctionNegation",
        "world": "gw"
    },
    "g0": {
        "type": "tasks.competition.repetition.VerbTask",
        "world": "gw"
    },
    "t1": {
        "type": "tasks.competition.counting.SimpleCountingTask",
        "world": "gw"
    },
    "t2": {
        "type": "tasks.competition.objects_properties.ObjectExistenceTask1",
        "world": "gw"
    },
    "t3": {
        "type": "tasks.competition.objects_properties.ObjectExistenceTask2",
        "world": "gw"
    },
    "m1": {
        "type": "tasks.competition.objects_properties.AssociateObjectWithPropertyTask",
        "world": "gw"
    },
    "m2": {
        "type": "tasks.competition.objects_properties.VerifyThatObjectHasPropertyTask",
        "world": "gw"
    },
    "m3": {
        "type": "tasks.competition.objects_properties.ListPropertiesOfAnObjectTask",
        "world": "gw"
    },
    "m4": {
        "type": "tasks.competition.objects_properties.NameAPropertyOfAnObjectTask",
        "world": "gw"
    },
    "m5": {
        "type": "tasks.competition.objects_properties.HowManyPropertiesDoesAnObjectHaveTask",
        "world": "gw"
    },
    "m6": {
        "type": "tasks.competition.objects_properties.ListObjectsWithACertainPropertyTask",
        "world": "gw"
    },
    "m7": {
        "type": "tasks.competition.objects_properties.NameAnObjectWithAPropertyTask",
        "world": "gw"
    },
    "m8": {
        "type": "tasks.competition.objects_properties.HowManyObjectsHaveACertainPropertyTask",
        "world": "gw"
    },
    "m9": {
        "type": "tasks.competition.objects_properties.WhoHasACertainObjectWithACertainPropertyTask",
        "world": "gw"
    },
    "m10": {
        "type": "tasks.competition.objects_properties.ListThePropertiesThatAnObjectHasInABasketOnlyTask",
        "world": "gw"
    },
    "m11": {
        "type": "tasks.competition.objects_properties.ListThePropertiesThatAnObjectHasInAllBasketsTask",
        "world": "gw"
    },
    "m12": {
        "type": "tasks.competition.objects_properties.AssociateObjectWithPropertyTask",
        "world": "gw"
    },
    "g1": {
        "type": "tasks.competition.navigation.TurningTask",
        "world": "gw"
    },
    "g2": {
        "type": "tasks.competition.navigation.MovingTask",
        "world": "gw"
    },
    "g3": {
        "type": "tasks.competition.navigation.MovingRelativeTask",
        "world": "gw"
    },
    "g4": {
        "type": "tasks.competition.navigation.MovingAbsoluteTask",
        "world": "gw"
    },
    "g6": {
        "type": "tasks.competition.navigation.PickUpTask",
        "world": "gw"
    },
    "g7": {
        "type": "tasks.competition.navigation.PickUpInFrontTask",
        "world": "gw"
    },
    "g8": {
        "type": "tasks.competition.navigation.PickUpAroundTask",
        "world": "gw"
    },
    "g9": {
        "type": "tasks.competition.navigation.GivingTask",
        "world": "gw"
    },
    "g10": {
        "type": "tasks.competition.navigation.PickUpAroundAndGiveTask",
        "world": "gw"
    },
    "g13": {
        "type": "tasks.competition.navigation.CountingInventoryTask",
        "world": "gw"
    },
    "g14": {
        "type": "tasks.competition.navigation.CountingInventoryGivingTask",
        "world": "gw"
    },
    "aj1": {
        "type": "tasks.competition.navigation.LookTask",
        "world": "gw"
    },
    "aj2": {
        "type": "tasks.competition.navigation.LookAroundTask",
        "world": "gw"
    },
    "aj3": {
        "type": "tasks.competition.navigation.FindObjectAroundTask",
        "world": "gw"
    }
  },
  "scheduler":
    {
      "type": "core.scheduler.RandomTaskScheduler",
      "args": {
          "tasks": ["k0", "g15", "k2", "k5", "k6", "k7", "k8", "k9",
            "a1", "a2",
            "t1", "t2", "t3",
            "m1", "m2", "m3", "m4", "m5", "m6", "m7", "m8", "m9", "m10", "m11", "m12",
            "g0", "g1", "g2", "g3", "g4", "g6", "g7", "g8", "g9", "g10", "g13", "g14",
            "aj1", "aj2", "aj3"]
        }
    }
}
